Business Date,Check Closed Count  (Sum),Net Sales Total  (Sum),Revenue Center Name
7/1/2017,59,613.81,ETC
7/2/2017,75,695.18,ETC
7/3/2017,179,"1,061.64",ETC
7/4/2017,1,63.42,ETC
7/5/2017,228,"1,546.13",ETC
7/6/2017,235,"1,891.25",ETC
7/7/2017,181,"1,488.94",ETC
7/8/2017,66,905.72,ETC
7/9/2017,65,623.82,ETC
7/10/2017,160,"1,127.28",ETC
7/11/2017,153,"1,222.28",ETC
7/12/2017,138,"1,057.54",ETC
7/13/2017,141,"1,002.88",ETC
7/14/2017,176,"1,668.74",ETC
7/15/2017,85,"1,034.31",ETC
7/16/2017,66,946.79,ETC
7/17/2017,188,"1,705.59",ETC
7/18/2017,159,"1,622.71",ETC
7/19/2017,154,"1,397.91",ETC
7/20/2017,214,"2,847.98",ETC
7/21/2017,184,"2,804.94",ETC
7/22/2017,73,"1,272.19",ETC
7/23/2017,47,591.14,ETC
7/24/2017,65,631.93,ETC
7/25/2017,81,502.91,ETC
7/26/2017,96,771.18,ETC
7/27/2017,89,776.35,ETC
7/28/2017,79,806.35,ETC
7/29/2017,0,0,ETC
7/30/2017,0,0,ETC
7/31/2017,55,434.03,ETC
8/1/2017,45,291.29,ETC
8/2/2017,45,380.59,ETC
8/3/2017,42,353.93,ETC
8/4/2017,15,179.94,ETC
8/5/2017,0,0,ETC
8/6/2017,0,0,ETC
8/7/2017,43,250.71,ETC
8/8/2017,48,284.9,ETC
8/9/2017,38,235.4,ETC
8/10/2017,51,293.94,ETC
8/11/2017,46,472.7,ETC
8/12/2017,0,0,ETC
8/13/2017,0,0,ETC
8/14/2017,43,201.96,ETC
8/15/2017,46,231.93,ETC
8/16/2017,66,579.03,ETC
8/17/2017,49,341.18,ETC
8/18/2017,56,493,ETC
8/19/2017,0,0,ETC
8/20/2017,83,567.55,ETC
8/21/2017,162,"1,261.54",ETC
8/22/2017,166,"1,323.24",ETC
8/23/2017,352,"3,088.39",ETC
8/24/2017,446,"3,179.57",ETC
8/25/2017,629,"5,365.45",ETC
8/26/2017,803,"6,764.96",ETC
8/27/2017,941,"8,442.85",ETC
8/28/2017,1039,"7,473.29",ETC
8/29/2017,1011,"7,077.53",ETC
8/30/2017,1049,"6,999.61",ETC
8/31/2017,1083,"7,109.40",ETC
9/1/2017,807,"5,477.86",ETC
9/2/2017,849,"5,717.25",ETC
9/3/2017,997,"7,492.84",ETC
9/4/2017,1147,"7,900.41",ETC
9/5/2017,1120,"7,182.31",ETC
9/6/2017,1125,"7,446.87",ETC
9/7/2017,1162,"7,162.79",ETC
9/8/2017,1057,"6,780.93",ETC
9/9/2017,874,"6,117.93",ETC
9/10/2017,1106,"8,308.62",ETC
9/11/2017,1309,"8,684.92",ETC
9/12/2017,1324,"8,193.81",ETC
9/13/2017,1287,"8,305.04",ETC
9/14/2017,1214,"7,212.35",ETC
9/15/2017,885,"5,061.27",ETC
9/16/2017,656,"4,136.67",ETC
9/17/2017,951,"6,881.01",ETC
9/18/2017,1224,"7,743.86",ETC
9/19/2017,1190,"7,415.42",ETC
9/20/2017,494,"3,114.00",ETC
9/21/2017,1204,"7,442.79",ETC
9/22/2017,961,"5,710.81",ETC
9/23/2017,727,"4,883.19",ETC
9/24/2017,1051,"7,145.24",ETC
9/25/2017,1304,"8,268.90",ETC
9/26/2017,1179,"7,064.19",ETC
9/27/2017,1322,"8,675.68",ETC
9/28/2017,1338,"8,019.90",ETC
9/29/2017,1039,"6,467.65",ETC
9/30/2017,770,"4,917.46",ETC
10/1/2017,1012,"6,874.91",ETC
10/2/2017,1301,"8,180.63",ETC
10/3/2017,1250,"7,446.99",ETC
10/4/2017,1242,"7,577.10",ETC
10/5/2017,1276,"7,892.81",ETC
10/6/2017,1071,"6,704.59",ETC
10/7/2017,875,"5,660.12",ETC
10/8/2017,1107,"7,519.46",ETC
10/9/2017,1341,"8,269.59",ETC
10/10/2017,1350,"8,013.52",ETC
10/11/2017,1369,"8,685.94",ETC
10/12/2017,1180,"7,773.02",ETC
10/13/2017,746,"7,012.30",ETC
10/14/2017,0,0,ETC
10/15/2017,0,0,ETC
10/16/2017,4,32.08,ETC
10/17/2017,697,"5,824.08",ETC
10/18/2017,1263,"8,504.30",ETC
10/19/2017,1348,"8,217.87",ETC
10/20/2017,1029,"6,570.77",ETC
10/21/2017,823,"5,759.19",ETC
10/22/2017,1076,"7,459.34",ETC
10/23/2017,1263,"7,957.24",ETC
10/24/2017,1282,"7,857.68",ETC
10/25/2017,1317,"8,598.49",ETC
10/26/2017,1254,"7,612.94",ETC
10/27/2017,1096,"7,126.37",ETC
10/28/2017,909,"5,752.73",ETC
10/29/2017,1033,"7,613.95",ETC
10/30/2017,1343,"8,980.65",ETC
10/31/2017,1247,"7,532.86",ETC
11/1/2017,1304,"7,815.08",ETC
11/2/2017,1301,"8,307.28",ETC
11/3/2017,1036,"6,508.55",ETC
11/4/2017,839,"5,720.08",ETC
11/5/2017,1083,"7,550.32",ETC
11/6/2017,1342,"8,518.40",ETC
11/7/2017,1298,"8,195.86",ETC
11/8/2017,1198,"7,806.34",ETC
11/9/2017,1252,"8,024.57",ETC
11/10/2017,1043,"6,623.94",ETC
11/11/2017,739,"5,066.19",ETC
11/12/2017,1044,"7,523.20",ETC
11/13/2017,1278,"8,736.26",ETC
11/14/2017,1264,"7,976.69",ETC
11/15/2017,1252,"8,092.34",ETC
11/16/2017,1247,"8,026.10",ETC
11/17/2017,1013,"6,561.59",ETC
11/18/2017,817,"5,699.39",ETC
11/19/2017,1005,"6,805.09",ETC
11/20/2017,1153,"7,790.59",ETC
11/21/2017,517,"3,993.12",ETC
11/22/2017,0,0,ETC
11/23/2017,0,0,ETC
11/24/2017,0,0,ETC
11/25/2017,0,0,ETC
11/26/2017,616,"4,905.51",ETC
11/27/2017,1258,"8,554.38",ETC
11/28/2017,1295,"8,263.46",ETC
11/29/2017,1188,"7,573.36",ETC
11/30/2017,1274,"8,450.92",ETC
12/1/2017,1083,"7,259.73",ETC
12/2/2017,800,"5,698.93",ETC
12/3/2017,1022,"6,891.34",ETC
12/4/2017,1167,"7,682.53",ETC
12/5/2017,1157,"6,805.84",ETC
12/6/2017,1114,"7,265.94",ETC
12/7/2017,1122,"7,455.12",ETC
12/8/2017,1010,"7,899.95",ETC
12/9/2017,918,"6,677.51",ETC
12/10/2017,1028,"7,017.87",ETC
12/11/2017,1114,"6,791.16",ETC
12/12/2017,949,"6,784.65",ETC
12/13/2017,988,"6,143.98",ETC
12/14/2017,1019,"6,720.83",ETC
12/15/2017,786,"5,567.31",ETC
12/16/2017,410,"3,314.09",ETC
12/17/2017,394,"3,480.39",ETC
12/18/2017,410,"3,837.65",ETC
12/19/2017,254,"2,145.73",ETC
12/20/2017,130,"1,357.40",ETC
12/21/2017,29,177.7,ETC
12/22/2017,0,0,ETC
12/23/2017,0,0,ETC
12/24/2017,0,0,ETC
12/25/2017,0,0,ETC
12/26/2017,0,0,ETC
12/27/2017,0,0,ETC
12/28/2017,0,0,ETC
12/29/2017,0,0,ETC
12/30/2017,0,0,ETC
12/31/2017,0,0,ETC
1/1/2018,0,0,ETC
1/2/2018,14,83.3,ETC
1/3/2018,19,159.83,ETC
1/4/2018,0,0,ETC
1/5/2018,12,79.4,ETC
1/6/2018,0,0,ETC
1/7/2018,0,0,ETC
1/8/2018,34,165.46,ETC
1/9/2018,53,308.41,ETC
1/10/2018,29,209.21,ETC
1/11/2018,47,448.85,ETC
1/12/2018,53,494.49,ETC
1/13/2018,0,0,ETC
1/14/2018,746,"6,796.92",ETC
1/15/2018,1060,"8,635.85",ETC
1/16/2018,1237,"9,524.91",ETC
1/17/2018,1155,"8,059.39",ETC
1/18/2018,1186,"8,535.35",ETC
1/19/2018,1063,"7,594.07",ETC
1/20/2018,948,"7,026.76",ETC
1/21/2018,1070,"7,881.01",ETC
1/22/2018,1471,"10,302.52",ETC
1/23/2018,1449,"10,086.03",ETC
1/24/2018,1319,"9,519.96",ETC
1/25/2018,1413,"9,988.62",ETC
1/26/2018,1227,"8,869.65",ETC
1/27/2018,908,"6,841.35",ETC
1/28/2018,1187,"8,988.14",ETC
1/29/2018,1394,"9,611.87",ETC
1/30/2018,1443,"9,965.23",ETC
1/31/2018,1554,"11,135.73",ETC
2/1/2018,1440,"10,492.37",ETC
2/2/2018,1179,"8,886.31",ETC
2/3/2018,824,"6,545.84",ETC
2/4/2018,1111,"9,512.88",ETC
2/5/2018,1470,"10,358.04",ETC
2/6/2018,1531,"10,626.06",ETC
2/7/2018,1486,"10,991.38",ETC
2/8/2018,1390,"10,800.95",ETC
2/9/2018,1295,"9,384.02",ETC
2/10/2018,1027,"8,034.55",ETC
2/11/2018,1314,"10,454.49",ETC
2/12/2018,1513,"11,104.72",ETC
2/13/2018,1498,"10,172.29",ETC
2/14/2018,1443,"10,762.08",ETC
2/15/2018,1516,"10,498.48",ETC
2/16/2018,1234,"9,386.03",ETC
2/17/2018,965,"7,239.89",ETC
2/18/2018,1230,"9,360.02",ETC
2/19/2018,1500,"10,601.68",ETC
2/20/2018,1563,"10,920.94",ETC
2/21/2018,1615,"10,857.12",ETC
2/22/2018,1562,"11,425.43",ETC
2/23/2018,1251,"8,751.86",ETC
2/24/2018,1056,"7,424.80",ETC
2/25/2018,1328,"9,880.64",ETC
2/26/2018,1562,"10,682.42",ETC
2/27/2018,1588,"10,616.67",ETC
2/28/2018,1560,"10,593.74",ETC
3/1/2018,1569,"10,481.15",ETC
3/2/2018,1335,"9,354.98",ETC
3/3/2018,1027,"7,447.56",ETC
3/4/2018,1380,"9,724.99",ETC
3/5/2018,1535,"9,681.23",ETC
3/6/2018,1493,"9,862.14",ETC
3/7/2018,1611,"10,932.35",ETC
3/8/2018,1523,"12,342.83",ETC
3/9/2018,907,"9,216.99",ETC
3/10/2018,0,0,ETC
3/11/2018,0,0,ETC
3/12/2018,25,265.21,ETC
3/13/2018,42,519.63,ETC
3/14/2018,17,88.87,ETC
3/15/2018,14,111.06,ETC
3/16/2018,6,89.05,ETC
3/17/2018,8,80.72,ETC
3/18/2018,1138,"10,445.28",ETC
3/19/2018,1616,"11,131.79",ETC
3/20/2018,1522,"11,395.77",ETC
3/21/2018,1390,"9,906.24",ETC
3/22/2018,1600,"10,331.24",ETC
3/23/2018,1316,"9,496.73",ETC
3/24/2018,1000,"7,202.59",ETC
3/25/2018,1214,"9,268.65",ETC
3/26/2018,1639,"11,147.61",ETC
3/27/2018,1548,"9,905.29",ETC
3/28/2018,1590,"10,767.34",ETC
3/29/2018,1569,"10,647.39",ETC
3/30/2018,1286,"9,370.57",ETC
3/31/2018,893,"6,636.94",ETC
4/1/2018,1054,"8,074.55",ETC
4/2/2018,1557,"10,474.66",ETC
4/3/2018,1597,"10,502.27",ETC
4/4/2018,1529,"10,569.66",ETC
4/5/2018,1543,"10,949.53",ETC
4/6/2018,1240,"9,925.28",ETC
4/7/2018,852,"7,136.90",ETC
4/8/2018,1131,"9,367.35",ETC
4/9/2018,1455,"10,527.04",ETC
4/10/2018,1521,"11,307.02",ETC
4/11/2018,1500,"11,236.49",ETC
4/12/2018,1502,"14,206.95",ETC
4/13/2018,1198,"13,023.83",ETC
4/14/2018,750,"5,595.62",ETC
4/15/2018,993,"7,454.65",ETC
4/16/2018,1469,"9,816.99",ETC
4/17/2018,1460,"10,136.47",ETC
4/18/2018,1414,"10,049.65",ETC
4/19/2018,1333,"9,949.44",ETC
4/20/2018,1111,"9,589.15",ETC
4/21/2018,973,"7,989.66",ETC
4/22/2018,1220,"9,438.14",ETC
4/23/2018,1381,"9,662.33",ETC
4/24/2018,1172,"8,758.43",ETC
4/25/2018,1354,"11,952.85",ETC
4/26/2018,1325,"11,452.63",ETC
4/27/2018,1027,"8,602.65",ETC
4/28/2018,998,"8,116.50",ETC
4/29/2018,1178,"8,785.09",ETC
4/30/2018,1287,"9,498.55",ETC
5/1/2018,1243,"10,573.62",ETC
5/2/2018,1274,"12,274.84",ETC
5/3/2018,1231,"17,182.88",ETC
5/4/2018,1286,"21,430.79",ETC
5/5/2018,851,"14,846.22",ETC
5/6/2018,238,"3,313.39",ETC
5/7/2018,143,"1,314.99",ETC
5/8/2018,194,"1,836.05",ETC
5/9/2018,201,"1,788.69",ETC
5/10/2018,200,"1,910.85",ETC
5/11/2018,254,"2,531.22",ETC
5/12/2018,256,"3,866.97",ETC
5/13/2018,234,"2,142.32",ETC
5/14/2018,196,"1,955.54",ETC
5/15/2018,95,589.52,ETC
5/16/2018,66,403.82,ETC
5/17/2018,100,691.04,ETC
5/18/2018,79,507.4,ETC
5/19/2018,55,653.37,ETC
5/20/2018,76,"1,591.28",ETC
5/21/2018,193,"1,682.68",ETC
5/22/2018,159,"1,188.01",ETC
5/23/2018,170,"1,068.04",ETC
5/24/2018,140,"1,093.93",ETC
5/25/2018,155,"1,113.07",ETC
5/26/2018,70,646.82,ETC
5/27/2018,64,459.16,ETC
5/28/2018,0,0,ETC
5/29/2018,161,"1,324.48",ETC
5/30/2018,125,858.64,ETC
5/31/2018,180,"1,237.80",ETC
6/1/2018,154,"1,040.82",ETC
6/2/2018,111,771.17,ETC
6/3/2018,90,768.05,ETC
6/4/2018,184,"1,335.29",ETC
6/5/2018,192,"1,394.57",ETC
6/6/2018,172,"1,082.61",ETC
6/7/2018,188,"1,293.51",ETC
6/8/2018,251,"1,702.92",ETC
6/9/2018,93,828.61,ETC
6/10/2018,66,452.64,ETC
6/11/2018,209,"1,599.53",ETC
6/12/2018,209,"1,268.94",ETC
6/13/2018,181,"1,228.36",ETC
6/14/2018,198,"1,303.02",ETC
6/15/2018,165,"1,181.82",ETC
6/16/2018,90,850.36,ETC
6/17/2018,99,801.72,ETC
6/18/2018,220,"1,209.26",ETC
6/19/2018,211,"1,321.27",ETC
6/20/2018,167,"1,337.31",ETC
6/21/2018,192,"1,475.45",ETC
6/22/2018,280,"2,051.27",ETC
6/23/2018,125,856.82,ETC
6/24/2018,94,864.01,ETC
6/25/2018,152,"1,202.68",ETC
6/26/2018,218,"1,743.75",ETC
6/27/2018,204,"1,549.37",ETC
6/28/2018,178,"1,205.09",ETC
6/29/2018,0,0,ETC
6/30/2018,91,894.58,ETC
7/1/2018,66,633.46,ETC
7/2/2018,219,"1,754.89",ETC
7/3/2018,253,"2,066.14",ETC
7/4/2018,0,0,ETC
7/5/2018,222,"1,514.21",ETC
7/6/2018,167,"1,326.13",ETC
7/7/2018,89,749.8,ETC
7/8/2018,68,601.42,ETC
7/9/2018,181,"1,431.51",ETC
7/10/2018,177,"1,081.42",ETC
7/11/2018,180,"1,235.23",ETC
7/12/2018,176,"1,501.85",ETC
7/13/2018,183,"1,852.05",ETC
7/14/2018,85,"1,017.11",ETC
7/15/2018,59,667.83,ETC
7/16/2018,189,"1,759.68",ETC
7/17/2018,167,"1,507.12",ETC
7/18/2018,158,"1,081.86",ETC
7/19/2018,184,"1,039.88",ETC
7/20/2018,181,"1,642.16",ETC
7/21/2018,89,711.53,ETC
7/22/2018,68,705.03,ETC
7/23/2018,135,"1,221.51",ETC
7/24/2018,131,"1,179.17",ETC
7/25/2018,179,"3,181.81",ETC
7/26/2018,201,"4,442.67",ETC
7/27/2018,302,"5,547.76",ETC
7/28/2018,0,0,ETC
7/29/2018,3,9.16,ETC
7/30/2018,65,573.33,ETC
7/31/2018,72,509.48,ETC
8/1/2018,76,"1,182.16",ETC
8/2/2018,96,"1,443.03",ETC
8/3/2018,36,574.71,ETC
8/4/2018,0,0,ETC
8/5/2018,0,0,ETC
8/6/2018,58,364.8,ETC
8/7/2018,59,646.23,ETC
8/8/2018,76,588.65,ETC
8/9/2018,61,396.02,ETC
8/10/2018,89,"1,109.60",ETC
8/11/2018,0,0,ETC
8/12/2018,0,0,ETC
8/13/2018,68,477.45,ETC
8/14/2018,67,349.41,ETC
8/15/2018,69,436.02,ETC
8/16/2018,76,548.84,ETC
8/17/2018,67,427.49,ETC
8/18/2018,1,3.38,ETC
8/19/2018,55,307.99,ETC
8/20/2018,155,"1,375.82",ETC
8/21/2018,248,"1,950.32",ETC
8/22/2018,297,"2,850.37",ETC
8/23/2018,494,"3,931.42",ETC
8/24/2018,518,"3,949.33",ETC
8/25/2018,820,"7,211.67",ETC
8/26/2018,990,"9,800.32",ETC
8/27/2018,1203,"9,656.66",ETC
8/28/2018,1093,"7,741.27",ETC
8/29/2018,1126,"7,360.34",ETC
8/30/2018,1046,"7,228.31",ETC
8/31/2018,1023,"6,989.06",ETC
9/1/2018,747,"5,895.98",ETC
9/2/2018,1007,"8,110.51",ETC
9/3/2018,1235,"9,052.11",ETC
9/4/2018,1123,"7,468.21",ETC
9/5/2018,1206,"8,042.00",ETC
9/6/2018,1186,"8,263.74",ETC
9/7/2018,859,"5,627.82",ETC
9/8/2018,917,"6,770.87",ETC
9/9/2018,1185,"8,769.48",ETC
9/10/2018,1351,"10,492.92",ETC
9/11/2018,1419,"15,403.86",ETC
9/12/2018,1309,"13,286.17",ETC
9/13/2018,736,"5,882.85",ETC
9/14/2018,634,"4,803.13",ETC
9/15/2018,717,"5,144.94",ETC
9/16/2018,939,"6,656.28",ETC
9/17/2018,968,"7,198.65",ETC
9/18/2018,1255,"8,617.50",ETC
9/19/2018,1165,"7,960.88",ETC
9/20/2018,1200,"8,179.66",ETC
9/21/2018,902,"6,141.97",ETC
9/22/2018,807,"5,807.04",ETC
9/23/2018,1104,"8,488.28",ETC
9/24/2018,1334,"8,977.58",ETC
9/25/2018,1355,"9,052.61",ETC
9/26/2018,1345,"8,929.86",ETC
9/27/2018,1242,"8,948.33",ETC
9/28/2018,960,"6,761.88",ETC
9/29/2018,811,"6,225.95",ETC
9/30/2018,1101,"8,336.29",ETC
10/1/2018,1472,"9,721.80",ETC
10/2/2018,1346,"8,848.24",ETC
10/3/2018,1320,"9,183.42",ETC
10/4/2018,1310,"8,773.27",ETC
10/5/2018,1080,"7,943.73",ETC
10/6/2018,830,"6,295.02",ETC
10/7/2018,1103,"8,258.47",ETC
10/8/2018,1389,"9,477.79",ETC
10/9/2018,1434,"9,525.06",ETC
10/10/2018,1423,"9,473.00",ETC
10/11/2018,1122,"7,824.81",ETC
10/12/2018,760,"6,554.99",ETC
10/13/2018,0,0,ETC
10/14/2018,0,0,ETC
10/15/2018,145,"1,512.09",ETC
10/16/2018,851,"7,708.35",ETC
10/17/2018,1305,"9,333.93",ETC
10/18/2018,1257,"8,638.47",ETC
10/19/2018,1073,"7,623.20",ETC
10/20/2018,895,"6,354.19",ETC
10/21/2018,1078,"7,952.71",ETC
10/22/2018,1290,"9,175.87",ETC
10/23/2018,1361,"9,471.64",ETC
10/24/2018,1439,"9,596.05",ETC
10/25/2018,1255,"8,063.70",ETC
10/26/2018,940,"6,768.10",ETC
10/27/2018,887,"6,434.85",ETC
10/28/2018,1091,"8,182.14",ETC
10/29/2018,1419,"9,901.45",ETC
10/30/2018,1396,"9,363.86",ETC
10/31/2018,1311,"8,595.14",ETC
11/1/2018,1296,"8,784.70",ETC
11/2/2018,1035,"7,373.33",ETC
11/3/2018,880,"6,005.08",ETC
11/4/2018,1173,"8,986.93",ETC
11/5/2018,1385,"9,722.12",ETC
11/6/2018,1433,"9,506.05",ETC
11/7/2018,1420,"9,725.75",ETC
11/8/2018,1379,"9,324.90",ETC
11/9/2018,1070,"7,899.63",ETC
11/10/2018,864,"6,286.39",ETC
11/11/2018,1061,"8,393.24",ETC
11/12/2018,1296,"9,206.18",ETC
11/13/2018,1380,"9,406.45",ETC
11/14/2018,1199,"7,867.89",ETC
11/15/2018,1199,"8,560.81",ETC
11/16/2018,1000,"7,130.57",ETC
11/17/2018,770,"5,732.07",ETC
11/18/2018,942,"7,295.52",ETC
11/19/2018,1073,"7,426.01",ETC
11/20/2018,487,"3,646.58",ETC
11/21/2018,0,0,ETC
11/22/2018,0,0,ETC
11/23/2018,0,0,ETC
11/24/2018,0,0,ETC
11/25/2018,701,"5,825.48",ETC
11/26/2018,1313,"9,313.72",ETC
11/27/2018,1299,"9,067.09",ETC
11/28/2018,1323,"9,459.86",ETC
11/29/2018,1258,"9,041.14",ETC
11/30/2018,1052,"7,701.96",ETC
12/1/2018,959,"6,488.80",ETC
12/2/2018,1077,"8,103.35",ETC
12/3/2018,1412,"9,665.44",ETC
12/4/2018,1257,"8,242.99",ETC
12/5/2018,1207,"8,530.05",ETC
12/6/2018,1144,"8,212.69",ETC
12/7/2018,992,"7,324.50",ETC
12/8/2018,1084,"7,636.58",ETC
12/9/2018,1138,"9,692.98",ETC
12/10/2018,1172,"8,273.73",ETC
12/11/2018,1064,"7,158.73",ETC
12/12/2018,1037,"6,767.68",ETC
12/13/2018,958,"6,567.26",ETC
12/14/2018,721,"5,404.76",ETC
12/15/2018,526,"4,192.38",ETC
12/16/2018,534,"4,088.49",ETC
12/17/2018,558,"4,482.34",ETC
12/18/2018,288,"2,927.57",ETC
12/19/2018,80,"1,069.85",ETC
12/20/2018,5,6.18,ETC
12/21/2018,0,0,ETC
12/22/2018,0,0,ETC
12/23/2018,0,0,ETC
12/24/2018,0,0,ETC
12/25/2018,0,0,ETC
12/26/2018,0,0,ETC
12/27/2018,0,0,ETC
12/28/2018,0,0,ETC
12/29/2018,0,0,ETC
12/30/2018,0,0,ETC
12/31/2018,0,0,ETC
1/1/2019,0,0,ETC
1/2/2019,0,0,ETC
1/3/2019,0,0,ETC
1/4/2019,0,0,ETC
1/5/2019,0,0,ETC
1/6/2019,0,0,ETC
1/7/2019,36,351.35,ETC
1/8/2019,39,286,ETC
1/9/2019,31,385.27,ETC
1/10/2019,57,592.7,ETC
1/11/2019,120,"1,102.54",ETC
1/12/2019,223,"2,785.69",ETC
1/13/2019,1186,"11,131.96",ETC
1/14/2019,1321,"11,189.82",ETC
1/15/2019,1267,"9,077.81",ETC
1/16/2019,1316,"9,042.20",ETC
1/17/2019,1326,"9,220.23",ETC
1/18/2019,1231,"9,144.80",ETC
1/19/2019,1036,"7,707.66",ETC
1/20/2019,1010,"7,666.76",ETC
1/21/2019,1154,"8,782.44",ETC
1/22/2019,1453,"10,621.65",ETC
1/23/2019,1543,"12,241.23",ETC
1/24/2019,1604,"11,969.05",ETC
1/25/2019,1211,"8,917.67",ETC
1/26/2019,1076,"9,073.20",ETC
1/27/2019,1311,"10,515.81",ETC
1/28/2019,1537,"11,191.51",ETC
1/29/2019,1415,"10,397.83",ETC
1/30/2019,1449,"11,348.77",ETC
1/31/2019,1345,"10,243.37",ETC
2/1/2019,1108,"8,806.59",ETC
2/2/2019,930,"7,484.31",ETC
2/3/2019,1225,"10,293.18",ETC
2/4/2019,1594,"11,770.54",ETC
2/5/2019,1584,"11,260.40",ETC
2/6/2019,1543,"11,165.63",ETC
2/7/2019,1469,"10,574.38",ETC
2/8/2019,1198,"9,156.08",ETC
2/9/2019,983,"7,529.53",ETC
2/10/2019,1371,"11,232.18",ETC
2/11/2019,1556,"11,624.27",ETC
2/12/2019,1414,"11,298.58",ETC
2/13/2019,1557,"12,485.31",ETC
2/14/2019,1347,"10,160.85",ETC
2/15/2019,1186,"8,737.88",ETC
2/16/2019,998,"7,786.87",ETC
2/17/2019,1140,"9,323.42",ETC
2/18/2019,1621,"11,813.38",ETC
2/19/2019,1482,"10,462.23",ETC
2/20/2019,1478,"11,222.64",ETC
2/21/2019,1427,"10,332.36",ETC
2/22/2019,1263,"9,409.65",ETC
2/23/2019,966,"7,689.90",ETC
2/24/2019,1298,"10,489.38",ETC
2/25/2019,1662,"11,961.91",ETC
2/26/2019,1642,"11,695.12",ETC
2/27/2019,1570,"11,351.98",ETC
2/28/2019,1488,"10,349.14",ETC
3/1/2019,1249,"9,957.88",ETC
3/2/2019,1011,"7,894.88",ETC
3/3/2019,1256,"10,015.28",ETC
3/4/2019,1639,"11,217.46",ETC
3/5/2019,1551,"9,644.72",ETC
3/6/2019,1481,"10,484.55",ETC
3/7/2019,1352,"9,908.40",ETC
3/8/2019,874,"8,631.45",ETC
3/9/2019,0,0,ETC
3/10/2019,0,0,ETC
3/11/2019,137,"1,355.17",ETC
3/12/2019,138,"1,249.80",ETC
3/13/2019,111,850.5,ETC
3/14/2019,135,"1,354.52",ETC
3/15/2019,174,"1,637.39",ETC
3/16/2019,205,"1,602.27",ETC
3/17/2019,1077,"9,725.66",ETC
3/18/2019,1592,"12,216.54",ETC
3/19/2019,1572,"11,048.16",ETC
3/20/2019,1570,"10,809.61",ETC
3/21/2019,1419,"10,791.74",ETC
3/22/2019,1373,"10,088.77",ETC
3/23/2019,1082,"8,027.50",ETC
3/24/2019,1421,"10,822.84",ETC
3/25/2019,1646,"11,490.58",ETC
3/26/2019,1670,"11,609.40",ETC
3/27/2019,1555,"11,596.68",ETC
3/28/2019,1428,"9,510.61",ETC
3/29/2019,1250,"9,042.88",ETC
3/30/2019,1165,"8,960.11",ETC
3/31/2019,1285,"10,596.55",ETC
4/1/2019,1557,"11,015.59",ETC
4/2/2019,1575,"10,860.02",ETC
4/3/2019,1573,"10,698.35",ETC
4/4/2019,1509,"10,639.53",ETC
4/5/2019,1201,"10,076.15",ETC
4/6/2019,854,"7,006.38",ETC
4/7/2019,1324,"10,779.51",ETC
4/8/2019,1427,"10,647.63",ETC
4/9/2019,1598,"12,444.09",ETC
4/10/2019,1440,"11,344.72",ETC
4/11/2019,1528,"17,204.31",ETC
4/12/2019,1148,"12,812.67",ETC
4/13/2019,751,"6,509.00",ETC
4/14/2019,1004,"8,531.14",ETC
4/15/2019,1356,"10,746.11",ETC
4/16/2019,1423,"10,242.90",ETC
4/17/2019,1406,"10,831.30",ETC
4/18/2019,1478,"11,544.26",ETC
4/19/2019,1042,"9,660.61",ETC
4/20/2019,848,"7,124.36",ETC
4/21/2019,1018,"9,522.78",ETC
4/22/2019,1333,"11,019.65",ETC
4/23/2019,1285,"9,056.18",ETC
4/24/2019,1308,"11,003.52",ETC
4/25/2019,1232,"12,379.74",ETC
4/26/2019,953,"7,829.37",ETC
4/27/2019,997,"8,173.66",ETC
4/28/2019,1158,"9,170.86",ETC
4/29/2019,1348,"12,234.82",ETC
4/30/2019,1265,"10,198.53",ETC
5/1/2019,1163,"12,767.10",ETC
5/2/2019,1166,"14,735.54",ETC
5/3/2019,1113,"21,523.37",ETC
5/4/2019,1131,"26,666.43",ETC
5/5/2019,309,"5,006.72",ETC
5/6/2019,144,"1,350.98",ETC
5/7/2019,135,"1,555.49",ETC
5/8/2019,153,"1,581.24",ETC
5/9/2019,207,"3,311.48",ETC
5/10/2019,217,"3,404.24",ETC
5/11/2019,231,"3,925.24",ETC
5/12/2019,182,"2,229.46",ETC
5/13/2019,174,"1,902.41",ETC
5/14/2019,88,574.65,ETC
5/15/2019,67,497.07,ETC
5/16/2019,76,532.17,ETC
5/17/2019,65,367.48,ETC
5/18/2019,50,444.35,ETC
5/19/2019,55,628.06,ETC
5/20/2019,162,"1,458.35",ETC
5/21/2019,158,"1,282.07",ETC
5/22/2019,133,976.13,ETC
5/23/2019,126,948.17,ETC
5/24/2019,156,"1,072.77",ETC
5/25/2019,48,393,ETC
5/26/2019,53,652.2,ETC
5/27/2019,0,0,ETC
5/28/2019,183,"1,503.60",ETC
5/29/2019,106,967.1,ETC
5/30/2019,157,"1,111.78",ETC
5/31/2019,154,961.86,ETC
6/1/2019,123,943.27,ETC
6/2/2019,98,871.39,ETC
6/3/2019,184,"1,204.58",ETC
6/4/2019,165,"1,161.56",ETC
6/5/2019,171,"1,261.44",ETC
6/6/2019,152,"1,163.67",ETC
6/7/2019,207,"1,608.52",ETC
6/8/2019,121,846.9,ETC
6/9/2019,52,489.38,ETC
6/10/2019,196,"1,452.07",ETC
6/11/2019,191,"1,482.57",ETC
6/12/2019,152,"1,192.53",ETC
6/13/2019,162,"1,040.29",ETC
6/14/2019,174,"1,456.04",ETC
6/15/2019,77,719.87,ETC
6/16/2019,78,815.22,ETC
6/17/2019,194,"1,456.82",ETC
6/18/2019,172,"1,272.22",ETC
6/19/2019,159,921.87,ETC
6/20/2019,195,"1,616.62",ETC
6/21/2019,142,"1,255.02",ETC
6/22/2019,85,"1,133.76",ETC
6/23/2019,71,585.71,ETC
6/24/2019,172,"1,384.08",ETC
6/25/2019,180,"1,306.64",ETC
6/26/2019,181,"1,172.85",ETC
6/27/2019,167,"1,160.36",ETC
6/28/2019,226,"1,735.53",ETC
6/29/2019,153,910.76,ETC
6/30/2019,123,"1,030.27",ETC
7/1/2019,284,"2,013.12",ETC
7/2/2019,235,"1,712.53",ETC
7/3/2019,217,"1,666.39",ETC
7/4/2019,0,0,ETC
7/5/2019,130,"1,532.14",ETC
7/6/2019,65,629.95,ETC
7/7/2019,80,796.96,ETC
7/8/2019,190,"1,506.87",ETC
7/9/2019,184,"1,586.40",ETC
7/10/2019,214,"1,845.41",ETC
7/11/2019,189,"1,740.55",ETC
7/12/2019,178,"1,572.75",ETC
7/13/2019,115,"1,123.04",ETC
7/14/2019,82,912.08,ETC
7/15/2019,204,"1,906.79",ETC
7/16/2019,153,"1,153.90",ETC
7/17/2019,173,"1,419.87",ETC
7/18/2019,158,"1,350.70",ETC
7/19/2019,154,"1,869.77",ETC
7/20/2019,69,872.71,ETC
7/21/2019,83,"1,733.25",ETC
7/22/2019,124,"1,274.55",ETC
7/23/2019,118,"1,050.15",ETC
7/24/2019,157,"2,693.98",ETC
7/25/2019,174,"3,673.03",ETC
7/26/2019,146,"3,057.04",ETC
7/27/2019,0,0,ETC
7/28/2019,0,0,ETC
7/29/2019,68,568.72,ETC
7/30/2019,78,863.19,ETC
7/31/2019,73,584.28,ETC
8/1/2019,84,790.59,ETC
8/2/2019,25,119.04,ETC
8/3/2019,0,0,ETC
8/4/2019,0,0,ETC
8/5/2019,78,422.62,ETC
8/6/2019,58,418.59,ETC
8/7/2019,50,423.59,ETC
8/8/2019,67,341.69,ETC
8/9/2019,63,574.93,ETC
8/10/2019,0,0,ETC
8/11/2019,0,0,ETC
8/12/2019,69,427.71,ETC
8/13/2019,70,383.65,ETC
8/14/2019,60,547.88,ETC
8/15/2019,59,479.02,ETC
8/16/2019,94,577.84,ETC
8/17/2019,0,0,ETC
8/18/2019,66,429.64,ETC
8/19/2019,152,"1,383.83",ETC
8/20/2019,187,"1,717.53",ETC
8/21/2019,301,"2,406.70",ETC
8/22/2019,414,"3,130.64",ETC
8/23/2019,432,"4,099.89",ETC
8/24/2019,776,"8,015.72",ETC
8/25/2019,929,"10,318.12",ETC
8/26/2019,1004,"8,619.38",ETC
8/27/2019,982,"7,612.31",ETC
8/28/2019,1029,"7,404.61",ETC
8/29/2019,989,"7,211.61",ETC
8/30/2019,891,"6,480.07",ETC
8/31/2019,829,"6,441.06",ETC
9/1/2019,902,"7,261.14",ETC
9/2/2019,1121,"8,911.29",ETC
9/3/2019,1103,"8,419.40",ETC
9/4/2019,1091,"8,178.70",ETC
9/5/2019,1153,"8,308.20",ETC
9/6/2019,913,"6,685.82",ETC
9/7/2019,904,"6,504.78",ETC
9/8/2019,1029,"7,827.25",ETC
9/9/2019,1297,"10,324.05",ETC
9/10/2019,1248,"9,525.65",ETC
9/11/2019,1295,"9,495.67",ETC
9/12/2019,1165,"8,479.12",ETC
9/13/2019,959,"7,375.15",ETC
9/14/2019,881,"6,419.70",ETC
9/15/2019,1099,"8,859.58",ETC
9/16/2019,1374,"9,871.00",ETC
9/17/2019,1353,"9,240.92",ETC
9/18/2019,1258,"8,093.80",ETC
9/19/2019,1216,"8,772.56",ETC
9/20/2019,963,"6,690.73",ETC
9/21/2019,870,"6,513.22",ETC
9/22/2019,1149,"8,454.07",ETC
9/23/2019,1352,"9,459.84",ETC
9/24/2019,1324,"8,862.80",ETC
9/25/2019,1298,"9,263.71",ETC
9/26/2019,1275,"9,152.18",ETC
9/27/2019,1033,"7,449.65",ETC
9/28/2019,873,"6,688.51",ETC
9/29/2019,1107,"8,808.11",ETC
9/30/2019,1345,"9,633.86",ETC
10/1/2019,1293,"9,253.09",ETC
10/2/2019,1331,"9,600.69",ETC
10/3/2019,1346,"9,547.94",ETC
10/4/2019,852,"5,962.71",ETC
10/5/2019,614,"4,441.49",ETC
10/6/2019,924,"7,223.50",ETC
10/7/2019,1215,"8,236.39",ETC
10/8/2019,1328,"8,766.51",ETC
10/9/2019,1289,"8,863.62",ETC
10/10/2019,1172,"8,190.31",ETC
10/11/2019,682,"5,927.80",ETC
10/12/2019,160,"1,223.92",ETC
10/13/2019,199,"1,879.17",ETC
10/14/2019,152,"1,341.91",ETC
10/15/2019,792,"6,798.22",ETC
10/16/2019,1220,"9,543.28",ETC
10/17/2019,1169,"8,107.30",ETC
10/18/2019,964,"6,370.88",ETC
10/19/2019,822,"5,823.04",ETC
10/20/2019,971,"7,398.88",ETC
10/21/2019,1297,"8,740.55",ETC
10/22/2019,1347,"8,740.96",ETC
10/23/2019,1336,"8,852.06",ETC
10/24/2019,1222,"8,250.74",ETC
10/25/2019,1056,"7,222.76",ETC
10/26/2019,871,"5,996.32",ETC
10/27/2019,1113,"8,366.87",ETC
10/28/2019,1400,"9,603.44",ETC
10/29/2019,1295,"8,400.52",ETC
10/30/2019,1237,"8,651.15",ETC
10/31/2019,1275,"8,696.37",ETC
11/1/2019,1033,"7,413.55",ETC
11/2/2019,851,"5,989.05",ETC
11/3/2019,1065,"8,295.79",ETC
11/4/2019,1405,"9,968.65",ETC
11/5/2019,1365,"9,287.51",ETC
11/6/2019,1403,"10,069.86",ETC
11/7/2019,1235,"8,323.31",ETC
11/8/2019,996,"7,240.43",ETC
11/9/2019,786,"5,942.23",ETC
11/10/2019,1062,"8,445.51",ETC
11/11/2019,1341,"9,803.90",ETC
11/12/2019,1279,"9,383.50",ETC
11/13/2019,1270,"9,233.46",ETC
11/14/2019,1188,"8,354.45",ETC
11/15/2019,977,"7,365.84",ETC
11/16/2019,834,"6,293.09",ETC
11/17/2019,1062,"7,926.83",ETC
11/18/2019,1338,"9,277.69",ETC
11/19/2019,1335,"9,408.34",ETC
11/20/2019,1247,"8,755.36",ETC
11/21/2019,1280,"9,244.93",ETC
11/22/2019,980,"7,009.08",ETC
11/23/2019,749,"5,635.46",ETC
11/24/2019,970,"7,520.46",ETC
11/25/2019,1096,"8,325.07",ETC
11/26/2019,505,"4,161.28",ETC
11/27/2019,0,0,ETC
11/28/2019,0,0,ETC
11/29/2019,0,0,ETC
11/30/2019,0,0,ETC
12/1/2019,804,"6,667.13",ETC
12/2/2019,1247,"9,024.16",ETC
12/3/2019,1267,"9,010.49",ETC
12/4/2019,1215,"8,798.26",ETC
12/5/2019,1117,"7,791.04",ETC
12/6/2019,1055,"7,799.69",ETC
12/7/2019,957,"7,074.94",ETC
12/8/2019,1142,"8,206.98",ETC
12/9/2019,1173,"8,067.62",ETC
12/10/2019,1042,"7,692.64",ETC
12/11/2019,961,"6,940.07",ETC
12/12/2019,1033,"8,169.73",ETC
12/13/2019,734,"6,030.99",ETC
12/14/2019,502,"3,840.92",ETC
12/15/2019,521,"4,228.00",ETC
12/16/2019,458,"4,657.24",ETC
12/17/2019,230,"2,421.03",ETC
12/18/2019,84,737.44,ETC
12/19/2019,42,425.01,ETC
12/20/2019,33,387.26,ETC
12/21/2019,0,0,ETC
12/22/2019,0,0,ETC
12/23/2019,0,0,ETC
12/24/2019,0,0,ETC
12/25/2019,0,0,ETC
12/26/2019,0,0,ETC
12/27/2019,0,0,ETC
12/28/2019,0,0,ETC
12/29/2019,0,0,ETC
12/30/2019,0,0,ETC
12/31/2019,0,0,ETC
1/1/2020,0,0,ETC
1/2/2020,0,0,ETC
1/3/2020,0,0,ETC
1/4/2020,0,0,ETC
1/5/2020,0,0,ETC
1/6/2020,36,283.7,ETC
1/7/2020,33,265.22,ETC
1/8/2020,52,369.26,ETC
1/9/2020,0,0,ETC
1/10/2020,138,"1,173.17",ETC
1/11/2020,0,0,ETC
1/12/2020,1122,"10,712.04",ETC
1/13/2020,1402,"11,773.20",ETC
1/14/2020,1344,"10,455.38",ETC
1/15/2020,1234,"8,973.44",ETC
1/16/2020,1303,"9,868.76",ETC
1/17/2020,1059,"7,762.93",ETC
1/18/2020,922,"7,108.67",ETC
1/19/2020,974,"7,829.11",ETC
1/20/2020,1222,"8,818.26",ETC
1/21/2020,1445,"10,434.90",ETC
1/22/2020,1437,"11,075.47",ETC
1/23/2020,1489,"11,933.07",ETC
1/24/2020,1205,"8,918.91",ETC
1/25/2020,1034,"7,927.62",ETC
1/26/2020,1247,"10,378.22",ETC
1/27/2020,1491,"11,495.87",ETC
1/28/2020,1495,"10,943.69",ETC
1/29/2020,1504,"11,361.68",ETC
1/30/2020,1407,"10,440.32",ETC
1/31/2020,1115,"8,392.18",ETC
2/1/2020,956,"7,813.31",ETC
2/2/2020,1277,"11,447.01",ETC
2/3/2020,1658,"11,870.60",ETC
2/4/2020,1564,"10,451.52",ETC
2/5/2020,1490,"11,165.14",ETC
2/6/2020,1361,"10,505.98",ETC
2/7/2020,1190,"8,930.51",ETC
2/8/2020,1109,"8,429.73",ETC
2/9/2020,1327,"10,587.52",ETC
2/10/2020,1544,"11,523.73",ETC
2/11/2020,1555,"11,723.76",ETC
2/12/2020,1563,"11,419.03",ETC
2/13/2020,1477,"10,855.26",ETC
2/14/2020,1132,"8,902.00",ETC
2/15/2020,949,"7,413.77",ETC
2/16/2020,1312,"10,290.49",ETC
2/17/2020,1668,"12,343.09",ETC
2/18/2020,1592,"12,171.11",ETC
2/19/2020,1505,"11,311.17",ETC
2/20/2020,1573,"11,467.27",ETC
2/21/2020,1159,"8,555.70",ETC
2/22/2020,1098,"8,334.96",ETC
2/23/2020,1388,"10,963.90",ETC
2/24/2020,1728,"13,293.90",ETC
2/25/2020,1649,"11,939.41",ETC
2/26/2020,1613,"11,762.11",ETC
2/27/2020,1476,"11,270.85",ETC
2/28/2020,1323,"10,718.96",ETC
2/29/2020,1024,"7,942.55",ETC
3/1/2020,1550,"12,363.00",ETC
3/2/2020,1694,"12,077.26",ETC
3/3/2020,1743,"11,903.07",ETC
3/4/2020,1617,"11,803.40",ETC
3/5/2020,1491,"12,140.15",ETC
3/6/2020,1042,"11,313.93",ETC
3/7/2020,0,0,ETC
3/8/2020,0,0,ETC
3/9/2020,173,"1,796.55",ETC
3/10/2020,167,"1,627.43",ETC
3/11/2020,181,"2,167.29",ETC
3/12/2020,347,"10,571.36",ETC
3/13/2020,433,"20,482.93",ETC
3/14/2020,384,"20,776.42",ETC
3/15/2020,409,"18,014.79",ETC
3/16/2020,230,"6,446.25",ETC
3/17/2020,242,"9,557.67",ETC
3/18/2020,186,"6,009.02",ETC
3/19/2020,200,"9,280.95",ETC
3/20/2020,174,"5,920.63",ETC
3/21/2020,120,"3,124.46",ETC
3/22/2020,104,"2,008.27",ETC
3/23/2020,115,"2,899.74",ETC
3/24/2020,112,"2,182.72",ETC
3/25/2020,79,"2,574.14",ETC
3/26/2020,78,"2,714.74",ETC
3/27/2020,12,115.02,ETC
3/28/2020,16,165.98,ETC
3/29/2020,9,96.72,ETC
3/30/2020,20,293.91,ETC
3/31/2020,18,109.38,ETC
4/1/2020,10,64.76,ETC
4/2/2020,12,189.75,ETC
4/3/2020,13,75.16,ETC
4/4/2020,6,36.4,ETC
4/5/2020,11,119.81,ETC
4/6/2020,5,24.04,ETC
4/7/2020,17,174.75,ETC
4/8/2020,4,44.9,ETC
4/9/2020,0,0,ETC
4/10/2020,10,57.58,ETC
4/11/2020,2,42.52,ETC
4/12/2020,2,47.39,ETC
4/13/2020,2,16.46,ETC
4/14/2020,3,24.78,ETC
4/15/2020,6,87.88,ETC
4/16/2020,1,25.88,ETC
4/17/2020,7,110.2,ETC
4/18/2020,4,39.09,ETC
4/19/2020,1,30.03,ETC
4/20/2020,8,122.89,ETC
4/21/2020,1,34.93,ETC
4/22/2020,5,25.82,ETC
4/23/2020,1,21.26,ETC
4/24/2020,2,5.42,ETC
4/25/2020,4,121.59,ETC
4/26/2020,1,1.54,ETC
4/27/2020,3,39.65,ETC
4/28/2020,1,7.64,ETC
4/29/2020,3,39.29,ETC
4/30/2020,2,36.74,ETC
5/1/2020,4,81.25,ETC
5/2/2020,4,16.51,ETC
5/3/2020,2,36.9,ETC
5/4/2020,5,38.65,ETC
5/5/2020,2,28.63,ETC
5/6/2020,1,7.29,ETC
5/7/2020,1,11.38,ETC
5/8/2020,1,9.53,ETC
5/9/2020,0,0,ETC
5/10/2020,1,15.8,ETC
5/11/2020,1,8.99,ETC
5/12/2020,1,2.99,ETC
5/13/2020,1,1.29,ETC
5/14/2020,1,17.45,ETC
5/15/2020,1,10.16,ETC
5/16/2020,1,6.27,ETC
5/17/2020,0,0,ETC
5/18/2020,2,16.98,ETC
5/19/2020,5,80.86,ETC
5/20/2020,1,2.39,ETC
5/21/2020,3,82.08,ETC
5/22/2020,3,33.37,ETC
5/23/2020,0,0,ETC
5/24/2020,0,0,ETC
5/25/2020,2,22.24,ETC
5/26/2020,0,0,ETC
5/27/2020,1,4.98,ETC
5/28/2020,0,0,ETC
5/29/2020,1,14.48,ETC
5/30/2020,0,0,ETC
5/31/2020,0,0,ETC
6/1/2020,0,0,ETC
6/2/2020,0,0,ETC
6/3/2020,1,8.28,ETC
6/4/2020,0,0,ETC
6/5/2020,1,23.56,ETC
6/6/2020,0,0,ETC
6/7/2020,2,47.11,ETC
6/8/2020,4,23.53,ETC
6/9/2020,1,3.68,ETC
6/10/2020,2,6.98,ETC
6/11/2020,1,6.18,ETC
6/12/2020,1,3.69,ETC
6/13/2020,1,15.38,ETC
6/14/2020,0,0,ETC
6/15/2020,3,27.31,ETC
6/16/2020,1,11.24,ETC
6/17/2020,1,12.76,ETC
6/18/2020,0,0,ETC
6/19/2020,1,6.08,ETC
6/20/2020,1,26.36,ETC
6/21/2020,1,12.68,ETC
6/22/2020,3,13.55,ETC
6/23/2020,2,42.39,ETC
6/24/2020,5,27.24,ETC
6/25/2020,2,54.26,ETC
6/26/2020,1,20.21,ETC
6/27/2020,1,3.38,ETC
6/28/2020,1,1.49,ETC
6/29/2020,1,4.29,ETC
6/30/2020,1,8.77,ETC
7/1/2020,2,18.15,ETC
7/2/2020,0,0,ETC
7/3/2020,1,11.05,ETC
7/4/2020,0,0,ETC
7/5/2020,0,0,ETC
7/6/2020,1,3.78,ETC
7/7/2020,1,7.56,ETC
7/8/2020,2,36.81,ETC
7/9/2020,2,12.07,ETC
7/10/2020,1,1.39,ETC
7/11/2020,0,0,ETC
7/12/2020,0,0,ETC
7/13/2020,5,34.44,ETC
7/14/2020,1,8.26,ETC
7/15/2020,0,0,ETC
7/16/2020,0,0,ETC
7/17/2020,0,0,ETC
7/18/2020,1,34.91,ETC
7/19/2020,3,45.11,ETC
7/20/2020,2,10.82,ETC
7/21/2020,0,0,ETC
7/22/2020,2,15.96,ETC
7/23/2020,1,3.18,ETC
7/24/2020,3,24.14,ETC
7/25/2020,0,0,ETC
7/26/2020,0,0,ETC
7/27/2020,1,5.68,ETC
7/28/2020,1,12.22,ETC
7/29/2020,1,4.38,ETC
7/30/2020,0,0,ETC
7/31/2020,1,6.99,ETC
8/1/2020,0,0,ETC
8/2/2020,0,0,ETC
8/3/2020,3,8.77,ETC
8/4/2020,3,24.68,ETC
8/5/2020,0,0,ETC
8/6/2020,2,9.46,ETC
8/7/2020,2,10.46,ETC
8/8/2020,1,6.96,ETC
8/9/2020,0,0,ETC
8/10/2020,2,22.74,ETC
8/11/2020,2,6.36,ETC
8/12/2020,4,36.51,ETC
8/13/2020,0,0,ETC
8/14/2020,97,"1,448.33",ETC
8/15/2020,103,"1,223.93",ETC
8/16/2020,120,"1,206.39",ETC
8/17/2020,173,"1,489.54",ETC
8/18/2020,156,"1,554.43",ETC
8/19/2020,266,"3,108.55",ETC
8/20/2020,460,"5,237.03",ETC
8/21/2020,536,"6,083.58",ETC
8/22/2020,618,"7,235.08",ETC
8/23/2020,650,"8,327.78",ETC
8/24/2020,680,"6,818.85",ETC
8/25/2020,664,"6,701.29",ETC
8/26/2020,676,"6,209.84",ETC
8/27/2020,698,"6,655.22",ETC
8/28/2020,682,"6,390.66",ETC
8/29/2020,635,"6,221.90",ETC
8/30/2020,727,"7,491.00",ETC
8/31/2020,712,"6,689.82",ETC
9/1/2020,711,"6,830.55",ETC
9/2/2020,701,"6,943.83",ETC
9/3/2020,747,"7,187.22",ETC
9/4/2020,707,"6,581.97",ETC
9/5/2020,626,"5,980.34",ETC
9/6/2020,725,"7,387.94",ETC
9/7/2020,777,"7,953.46",ETC
9/8/2020,782,"7,585.35",ETC
9/9/2020,809,"8,421.26",ETC
9/10/2020,778,"7,248.65",ETC
9/11/2020,636,"6,098.66",ETC
9/12/2020,641,"6,576.26",ETC
9/13/2020,711,"7,202.88",ETC
9/14/2020,889,"8,946.40",ETC
9/15/2020,748,"7,169.60",ETC
9/16/2020,849,"8,436.64",ETC
9/17/2020,658,"6,997.83",ETC
9/18/2020,667,"6,596.33",ETC
9/19/2020,682,"6,434.31",ETC
9/20/2020,763,"7,843.93",ETC
9/21/2020,814,"8,542.88",ETC
9/22/2020,813,"7,789.66",ETC
9/23/2020,901,"8,525.74",ETC
9/24/2020,774,"7,419.91",ETC
9/25/2020,585,"5,686.37",ETC
9/26/2020,593,"5,544.81",ETC
9/27/2020,749,"7,413.66",ETC
9/28/2020,840,"8,328.49",ETC
9/29/2020,826,"7,976.55",ETC
9/30/2020,841,"8,067.80",ETC
10/1/2020,836,"7,914.64",ETC
10/2/2020,687,"6,165.93",ETC
10/3/2020,627,"5,905.41",ETC
10/4/2020,703,"7,240.48",ETC
10/5/2020,780,"7,642.27",ETC
10/6/2020,919,"8,408.62",ETC
10/7/2020,788,"7,287.90",ETC
10/8/2020,783,"6,778.63",ETC
10/9/2020,616,"5,404.10",ETC
10/10/2020,567,"5,506.54",ETC
10/11/2020,575,"5,779.54",ETC
10/12/2020,852,"8,670.16",ETC
10/13/2020,789,"7,262.46",ETC
10/14/2020,807,"7,358.39",ETC
10/15/2020,768,"7,008.54",ETC
10/16/2020,588,"5,656.90",ETC
10/17/2020,597,"6,031.82",ETC
10/18/2020,637,"6,580.13",ETC
10/19/2020,836,"8,194.82",ETC
10/20/2020,821,"7,681.80",ETC
10/21/2020,817,"7,774.20",ETC
10/22/2020,747,"6,921.72",ETC
10/23/2020,639,"6,027.20",ETC
10/24/2020,559,"5,098.76",ETC
10/25/2020,711,"7,228.59",ETC
10/26/2020,785,"7,965.78",ETC
10/27/2020,778,"6,983.20",ETC
10/28/2020,724,"7,082.65",ETC
10/29/2020,742,"6,727.37",ETC
10/30/2020,584,"5,294.94",ETC
10/31/2020,548,"5,275.02",ETC
11/1/2020,608,"6,607.74",ETC
11/2/2020,775,"8,510.94",ETC
11/3/2020,843,"8,332.78",ETC
11/4/2020,796,"8,016.91",ETC
11/5/2020,802,"8,125.53",ETC
11/6/2020,693,"6,372.13",ETC
11/7/2020,594,"6,206.68",ETC
11/8/2020,804,"8,369.89",ETC
11/9/2020,878,"8,419.63",ETC
11/10/2020,838,"8,968.78",ETC
11/11/2020,733,"7,929.08",ETC
11/12/2020,815,"8,996.18",ETC
11/13/2020,648,"6,315.42",ETC
11/14/2020,663,"6,816.44",ETC
11/15/2020,643,"7,010.05",ETC
11/16/2020,667,"7,251.98",ETC
11/17/2020,703,"8,328.01",ETC
11/18/2020,669,"7,861.40",ETC
11/19/2020,623,"9,205.37",ETC
11/20/2020,452,"8,215.43",ETC
11/21/2020,0,0,ETC
11/22/2020,0,0,ETC
11/23/2020,18,747.83,ETC
11/24/2020,10,247.58,ETC
11/25/2020,9,115.7,ETC
11/26/2020,0,0,ETC
11/27/2020,3,53.3,ETC
11/28/2020,0,0,ETC
11/29/2020,0,0,ETC
11/30/2020,15,359.37,ETC
12/1/2020,10,132.05,ETC
12/2/2020,41,607.81,ETC
12/3/2020,27,472.93,ETC
12/4/2020,12,240.17,ETC
12/5/2020,0,0,ETC
12/6/2020,0,0,ETC
12/7/2020,26,699.09,ETC
12/8/2020,18,307.24,ETC
12/9/2020,30,590.11,ETC
12/10/2020,15,170.67,ETC
12/11/2020,6,56.65,ETC
12/12/2020,0,0,ETC
12/13/2020,0,0,ETC
12/14/2020,18,295.24,ETC
12/15/2020,4,136.35,ETC
12/16/2020,12,186.12,ETC
12/17/2020,12,103.93,ETC
12/18/2020,6,86.43,ETC
12/19/2020,0,0,ETC
12/20/2020,0,0,ETC
12/21/2020,9,134.27,ETC
12/22/2020,10,323.63,ETC
12/23/2020,10,133.05,ETC
12/24/2020,0,0,ETC
12/25/2020,0,0,ETC
12/26/2020,0,0,ETC
12/27/2020,0,0,ETC
12/28/2020,2,8.88,ETC
12/29/2020,8,152.84,ETC
12/30/2020,6,88.18,ETC
12/31/2020,0,0,ETC
1/1/2021,0,0,ETC
1/2/2021,0,0,ETC
1/3/2021,0,0,ETC
1/4/2021,3,74.33,ETC
1/5/2021,2,55.27,ETC
1/6/2021,4,77.32,ETC
1/7/2021,1,16.85,ETC
1/8/2021,80,"1,238.91",ETC
1/9/2021,226,"3,323.06",ETC
1/10/2021,241,"3,314.89",ETC
1/11/2021,268,"3,158.38",ETC
1/12/2021,230,"2,684.89",ETC
1/13/2021,300,"3,575.47",ETC
1/14/2021,284,"3,862.23",ETC
1/15/2021,312,"3,605.84",ETC
1/16/2021,338,"3,992.32",ETC
1/17/2021,494,"5,929.97",ETC
1/18/2021,447,"4,968.86",ETC
1/19/2021,442,"4,637.24",ETC
1/20/2021,411,"4,619.87",ETC
1/21/2021,466,"4,693.43",ETC
1/22/2021,526,"5,518.66",ETC
1/23/2021,581,"6,338.10",ETC
1/24/2021,670,"7,373.88",ETC
1/25/2021,622,"6,021.40",ETC
1/26/2021,694,"6,986.51",ETC
1/27/2021,685,"6,800.23",ETC
1/28/2021,679,"6,843.89",ETC
1/29/2021,592,"5,489.30",ETC
1/30/2021,631,"6,538.10",ETC
1/31/2021,683,"6,895.98",ETC
2/1/2021,623,"5,663.85",ETC
2/2/2021,667,"6,570.12",ETC
2/3/2021,691,"7,132.88",ETC
2/4/2021,755,"7,105.39",ETC
2/5/2021,605,"5,745.47",ETC
2/6/2021,625,"6,115.44",ETC
2/7/2021,666,"6,744.65",ETC
2/8/2021,792,"8,239.44",ETC
2/9/2021,601,"6,658.11",ETC
2/10/2021,731,"7,413.83",ETC
2/11/2021,740,"7,047.16",ETC
2/12/2021,631,"7,152.46",ETC
2/13/2021,693,"7,173.96",ETC
2/14/2021,452,"5,030.66",ETC
2/15/2021,746,"7,408.52",ETC
2/16/2021,748,"6,970.98",ETC
2/17/2021,811,"9,040.42",ETC
2/18/2021,483,"5,188.83",ETC
2/19/2021,493,"5,723.54",ETC
2/20/2021,629,"6,754.50",ETC
2/21/2021,691,"6,451.55",ETC
2/22/2021,754,"8,169.33",ETC
2/23/2021,793,"7,664.19",ETC
2/24/2021,846,"8,475.53",ETC
2/25/2021,783,"7,800.91",ETC
2/26/2021,642,"6,148.07",ETC
2/27/2021,614,"5,979.40",ETC
2/28/2021,681,"7,279.23",ETC
3/1/2021,762,"7,806.83",ETC
3/2/2021,782,"8,108.74",ETC
3/3/2021,804,"7,996.95",ETC
3/4/2021,784,"7,294.93",ETC
3/5/2021,705,"6,615.49",ETC
3/6/2021,599,"5,708.20",ETC
3/7/2021,659,"7,181.70",ETC
3/8/2021,904,"9,256.40",ETC
3/9/2021,816,"7,938.61",ETC
3/10/2021,816,"7,607.21",ETC
3/11/2021,828,"7,695.87",ETC
3/12/2021,729,"7,429.16",ETC
3/13/2021,568,"5,587.16",ETC
3/14/2021,704,"8,012.19",ETC
3/15/2021,818,"7,959.84",ETC
3/16/2021,750,"7,715.57",ETC
3/17/2021,810,"7,650.28",ETC
3/18/2021,703,"6,524.30",ETC
3/19/2021,632,"6,340.31",ETC
3/20/2021,583,"5,827.74",ETC
3/21/2021,605,"6,256.44",ETC
3/22/2021,854,"8,223.25",ETC
3/23/2021,795,"7,504.66",ETC
3/24/2021,693,"7,132.99",ETC
3/25/2021,779,"7,324.25",ETC
3/26/2021,648,"6,151.90",ETC
3/27/2021,566,"5,131.62",ETC
3/28/2021,665,"6,729.21",ETC
3/29/2021,786,"7,796.94",ETC
3/30/2021,756,"7,054.55",ETC
3/31/2021,797,"7,328.31",ETC
4/1/2021,645,"6,127.32",ETC
4/2/2021,521,"5,132.90",ETC
4/3/2021,464,"4,318.27",ETC
4/4/2021,507,"5,728.63",ETC
4/5/2021,733,"6,442.43",ETC
4/6/2021,711,"6,638.11",ETC
4/7/2021,657,"6,485.61",ETC
4/8/2021,739,"6,585.79",ETC
4/9/2021,569,"5,146.09",ETC
4/10/2021,535,"5,164.67",ETC
4/11/2021,614,"6,455.55",ETC
4/12/2021,751,"7,120.43",ETC
4/13/2021,775,"7,176.66",ETC
4/14/2021,711,"6,399.06",ETC
4/15/2021,647,"5,714.64",ETC
4/16/2021,590,"5,334.54",ETC
4/17/2021,519,"5,359.07",ETC
4/18/2021,616,"6,296.46",ETC
4/19/2021,743,"7,404.86",ETC
4/20/2021,696,"6,826.14",ETC
4/21/2021,676,"7,006.77",ETC
4/22/2021,665,"5,956.98",ETC
4/23/2021,513,"5,185.83",ETC
4/24/2021,430,"4,267.28",ETC
4/25/2021,564,"6,060.32",ETC
4/26/2021,674,"6,528.66",ETC
4/27/2021,655,"6,619.18",ETC
4/28/2021,685,"7,528.10",ETC
4/29/2021,574,"5,355.40",ETC
4/30/2021,529,"5,775.15",ETC
5/1/2021,532,"6,877.72",ETC
5/2/2021,486,"7,207.71",ETC
5/3/2021,476,"6,240.11",ETC
5/4/2021,485,"8,008.36",ETC
5/5/2021,430,"7,413.36",ETC
5/6/2021,332,"6,902.14",ETC
5/7/2021,272,"6,632.95",ETC
5/8/2021,157,"3,534.99",ETC
5/9/2021,244,"5,438.67",ETC
5/10/2021,106,"2,348.93",ETC
5/11/2021,45,373.24,ETC
5/12/2021,34,347.36,ETC
5/13/2021,51,437.92,ETC
5/14/2021,41,373.59,ETC
5/15/2021,37,428.29,ETC
5/16/2021,63,"1,298.74",ETC
5/17/2021,93,"1,171.40",ETC
5/18/2021,90,"1,329.27",ETC
5/19/2021,91,"1,552.97",ETC
5/20/2021,88,787.5,ETC
5/21/2021,82,715.44,ETC
5/22/2021,61,658.77,ETC
5/23/2021,88,"1,214.72",ETC
5/24/2021,100,830.34,ETC
5/25/2021,86,810.57,ETC
5/26/2021,88,654.19,ETC
5/27/2021,83,691.33,ETC
5/28/2021,0,0,ETC
5/29/2021,51,659.42,ETC
5/30/2021,59,808.85,ETC
5/31/2021,0,0,ETC
6/1/2021,120,"1,352.54",ETC
6/2/2021,0,0,ETC
6/3/2021,100,"1,390.26",ETC
6/4/2021,87,760.03,ETC
6/5/2021,76,839.81,ETC
6/6/2021,85,"1,513.39",ETC
6/7/2021,96,"1,099.26",ETC
6/8/2021,89,904.76,ETC
6/9/2021,89,939.9,ETC
6/10/2021,98,"1,232.58",ETC
6/11/2021,93,915.73,ETC
6/12/2021,47,659.83,ETC
6/13/2021,58,887.92,ETC
6/14/2021,132,"1,335.88",ETC
6/15/2021,89,828.54,ETC
6/16/2021,114,"1,308.76",ETC
6/17/2021,129,"1,285.79",ETC
6/18/2021,0,0,ETC
6/19/2021,100,"1,658.96",ETC
6/20/2021,96,"1,264.42",ETC
6/21/2021,108,"1,320.65",ETC
6/22/2021,123,"1,593.27",ETC
6/23/2021,121,"1,090.95",ETC
6/24/2021,140,"1,116.64",ETC
6/25/2021,100,883.72,ETC
6/26/2021,79,895.62,ETC
6/27/2021,78,"1,136.75",ETC
6/28/2021,143,"1,939.43",ETC
6/29/2021,116,"1,069.35",ETC
6/30/2021,0,0,ETC
7/1/2021,96,"1,523.94",ETC
7/2/2021,96,"1,170.43",ETC
7/3/2021,57,"1,093.29",ETC
7/4/2021,0,0,ETC
7/5/2021,0,0,ETC
7/6/2021,150,"2,651.95",ETC
7/7/2021,103,"2,352.81",ETC
7/8/2021,80,"1,827.67",ETC
7/9/2021,131,"3,893.39",ETC
7/10/2021,75,"1,838.76",ETC
7/11/2021,80,"1,584.19",ETC
7/12/2021,112,"1,866.05",ETC
7/13/2021,105,"1,720.33",ETC
7/14/2021,102,"2,598.27",ETC
7/15/2021,134,"2,744.99",ETC
7/16/2021,115,"2,134.24",ETC
7/17/2021,84,"2,475.04",ETC
7/18/2021,67,"1,762.83",ETC
7/19/2021,143,"3,446.51",ETC
7/20/2021,121,"2,264.49",ETC
7/21/2021,145,"4,665.43",ETC
7/22/2021,165,"6,075.55",ETC
7/23/2021,120,"4,171.14",ETC
7/24/2021,78,"2,436.98",ETC
7/25/2021,17,168.91,ETC
7/26/2021,40,570.17,ETC
7/27/2021,37,293.11,ETC
7/28/2021,57,"1,665.21",ETC
7/29/2021,40,587.3,ETC
7/30/2021,0,0,ETC
7/31/2021,36,"1,454.28",ETC
8/1/2021,15,253.59,ETC
8/2/2021,29,463.14,ETC
8/3/2021,40,587.14,ETC
8/4/2021,41,"1,429.55",ETC
8/5/2021,50,875.58,ETC
8/6/2021,39,539.91,ETC
8/7/2021,21,143.31,ETC
8/8/2021,46,838.33,ETC
8/9/2021,48,430.02,ETC
8/10/2021,53,433.1,ETC
8/11/2021,45,838.13,ETC
8/12/2021,59,854.37,ETC
8/13/2021,52,678.05,ETC
8/14/2021,48,"1,008.94",ETC
8/15/2021,82,"1,472.11",ETC
8/16/2021,181,"2,099.25",ETC
8/17/2021,207,"1,770.00",ETC
8/18/2021,270,"2,554.04",ETC
8/19/2021,389,"3,548.15",ETC
8/20/2021,399,"4,096.28",ETC
8/21/2021,587,"6,003.66",ETC
8/22/2021,707,"6,828.18",ETC
8/23/2021,758,"6,894.86",ETC
8/24/2021,753,"6,225.51",ETC
8/25/2021,735,"6,265.13",ETC
8/26/2021,709,"5,901.18",ETC
8/27/2021,674,"5,311.42",ETC
8/28/2021,600,"5,287.38",ETC
8/29/2021,723,"6,853.35",ETC
8/30/2021,837,"7,521.16",ETC
8/31/2021,920,"7,686.46",ETC
9/1/2021,812,"6,860.55",ETC
9/2/2021,816,"6,631.24",ETC
9/3/2021,735,"6,075.70",ETC
9/4/2021,528,"4,359.78",ETC
9/5/2021,778,"7,080.67",ETC
9/6/2021,920,"8,325.11",ETC
9/7/2021,959,"7,952.73",ETC
9/8/2021,889,"7,203.50",ETC
9/9/2021,820,"7,047.37",ETC
9/10/2021,724,"5,733.51",ETC
9/11/2021,606,"5,057.63",ETC
9/12/2021,802,"7,324.76",ETC
9/13/2021,1002,"8,916.48",ETC
9/14/2021,962,"8,421.59",ETC
9/15/2021,990,"8,412.34",ETC
9/16/2021,785,"6,639.53",ETC
9/17/2021,708,"6,083.44",ETC
9/18/2021,635,"5,619.49",ETC
9/19/2021,848,"7,228.46",ETC
9/20/2021,1005,"8,489.17",ETC
9/21/2021,1007,"8,238.71",ETC
9/22/2021,928,"7,470.35",ETC
9/23/2021,893,"7,128.98",ETC
9/24/2021,710,"5,354.95",ETC
9/25/2021,651,"5,359.39",ETC
9/26/2021,784,"6,531.62",ETC
9/27/2021,1017,"8,469.32",ETC
9/28/2021,992,"8,378.87",ETC
9/29/2021,916,"6,838.52",ETC
9/30/2021,921,"7,470.01",ETC
10/1/2021,612,"4,684.58",ETC
10/2/2021,567,"4,577.57",ETC
10/3/2021,767,"6,557.96",ETC
10/4/2021,972,"7,768.58",ETC
10/5/2021,957,"7,837.55",ETC
10/6/2021,889,"7,455.39",ETC
10/7/2021,824,"6,715.76",ETC
10/8/2021,514,"4,907.06",ETC
10/9/2021,156,"1,570.91",ETC
10/10/2021,153,"1,560.06",ETC
10/11/2021,65,721.23,ETC
10/12/2021,639,"6,400.90",ETC
10/13/2021,891,"7,314.94",ETC
10/14/2021,915,"7,256.26",ETC
10/15/2021,724,"5,916.64",ETC
10/16/2021,692,"5,696.16",ETC
10/17/2021,823,"7,081.54",ETC
10/18/2021,999,"8,705.56",ETC
10/19/2021,977,"8,422.21",ETC
10/20/2021,926,"7,506.90",ETC
10/21/2021,972,"7,814.80",ETC
10/22/2021,753,"5,941.52",ETC
10/23/2021,648,"5,684.38",ETC
10/24/2021,821,"7,307.58",ETC
10/25/2021,962,"7,871.62",ETC
10/26/2021,928,"7,592.13",ETC
10/27/2021,1004,"8,222.04",ETC
10/28/2021,862,"7,013.90",ETC
10/29/2021,668,"5,615.90",ETC
10/30/2021,627,"5,375.30",ETC
10/31/2021,737,"6,578.52",ETC
11/1/2021,1016,"8,639.48",ETC
11/2/2021,914,"8,264.70",ETC
11/3/2021,895,"7,829.62",ETC
11/4/2021,904,"7,984.61",ETC
11/5/2021,694,"5,967.50",ETC
11/6/2021,577,"5,145.49",ETC
11/7/2021,727,"6,745.85",ETC
11/8/2021,1027,"8,421.24",ETC
11/9/2021,882,"7,291.00",ETC
11/10/2021,930,"7,873.25",ETC
11/11/2021,832,"7,110.52",ETC
11/12/2021,699,"5,870.95",ETC
11/13/2021,625,"5,086.67",ETC
11/14/2021,749,"6,469.17",ETC
11/15/2021,1002,"8,402.42",ETC
11/16/2021,951,"8,064.31",ETC
11/17/2021,909,"7,129.61",ETC
11/18/2021,821,"6,730.22",ETC
11/19/2021,735,"6,550.15",ETC
11/20/2021,585,"4,997.89",ETC
11/21/2021,699,"6,332.49",ETC
11/22/2021,677,"5,763.09",ETC
11/23/2021,259,"2,927.39",ETC
11/24/2021,0,0,ETC
11/25/2021,0,0,ETC
11/26/2021,0,0,ETC
11/27/2021,0,0,ETC
11/28/2021,499,"4,771.35",ETC
11/29/2021,892,"8,111.51",ETC
11/30/2021,944,"7,941.96",ETC
12/1/2021,873,"7,131.66",ETC
12/2/2021,893,"7,341.42",ETC
12/3/2021,727,"6,365.14",ETC
12/4/2021,755,"6,480.86",ETC
12/5/2021,811,"6,400.52",ETC
12/6/2021,894,"7,587.13",ETC
12/7/2021,781,"6,553.92",ETC
12/8/2021,672,"5,642.23",ETC
12/9/2021,672,"6,069.62",ETC
12/10/2021,589,"5,943.29",ETC
12/11/2021,427,"4,427.02",ETC
12/12/2021,411,"4,834.02",ETC
12/13/2021,367,"4,817.21",ETC
12/14/2021,255,"3,505.54",ETC
12/15/2021,108,"2,156.88",ETC
12/16/2021,41,435.6,ETC
12/17/2021,35,306.98,ETC
12/18/2021,0,0,ETC
12/19/2021,0,0,ETC
12/20/2021,31,502.27,ETC
12/21/2021,23,403.36,ETC
12/22/2021,36,663.89,ETC
12/23/2021,0,0,ETC
12/24/2021,0,0,ETC
12/25/2021,0,0,ETC
12/26/2021,0,0,ETC
12/27/2021,0,0,ETC
12/28/2021,0,0,ETC
12/29/2021,0,0,ETC
12/30/2021,0,0,ETC
12/31/2021,0,0,ETC
1/1/2022,0,0,ETC
1/2/2022,0,0,ETC
1/3/2022,0,0,ETC
1/4/2022,0,0,ETC
1/5/2022,0,0,ETC
1/6/2022,0,0,ETC
1/7/2022,0,0,ETC
1/8/2022,0,0,ETC
1/9/2022,647,"7,819.03",ETC
1/10/2022,948,"9,901.40",ETC
1/11/2022,778,"7,261.30",ETC
1/12/2022,745,"6,913.61",ETC
1/13/2022,776,"7,254.85",ETC
1/14/2022,692,"5,825.99",ETC
1/15/2022,758,"7,433.20",ETC
1/16/2022,834,"8,388.86",ETC
1/17/2022,794,"7,424.90",ETC
1/18/2022,893,"8,537.64",ETC
1/19/2022,993,"8,753.57",ETC
1/20/2022,937,"8,828.05",ETC
1/21/2022,688,"6,444.40",ETC
1/22/2022,755,"7,220.18",ETC
1/23/2022,878,"8,785.95",ETC
1/24/2022,1023,"9,807.69",ETC
1/25/2022,1035,"9,617.54",ETC
1/26/2022,929,"8,110.48",ETC
1/27/2022,906,"8,799.51",ETC
1/28/2022,758,"7,065.51",ETC
1/29/2022,654,"5,883.11",ETC
1/30/2022,855,"8,626.44",ETC
1/31/2022,1076,"9,884.82",ETC
2/1/2022,1021,"9,298.95",ETC
2/2/2022,1064,"9,337.58",ETC
2/3/2022,926,"7,763.99",ETC
2/4/2022,792,"7,433.89",ETC
2/5/2022,795,"6,867.30",ETC
2/6/2022,903,"9,118.37",ETC
2/7/2022,1056,"10,333.87",ETC
2/8/2022,1032,"9,978.82",ETC
2/9/2022,1063,"9,857.28",ETC
2/10/2022,955,"8,887.33",ETC
2/11/2022,797,"7,271.05",ETC
2/12/2022,774,"7,085.33",ETC
2/13/2022,871,"8,713.26",ETC
2/14/2022,978,"8,455.34",ETC
2/15/2022,1087,"9,631.34",ETC
2/16/2022,1092,"10,054.78",ETC
2/17/2022,1022,"9,225.00",ETC
2/18/2022,873,"7,780.90",ETC
2/19/2022,720,"6,500.01",ETC
2/20/2022,933,"9,440.08",ETC
2/21/2022,1227,"11,069.95",ETC
2/22/2022,1175,"10,589.28",ETC
2/23/2022,1202,"10,286.31",ETC
2/24/2022,1080,"9,822.75",ETC
2/25/2022,873,"8,368.42",ETC
2/26/2022,818,"7,744.05",ETC
2/27/2022,1042,"9,064.44",ETC
2/28/2022,1217,"10,851.30",ETC
3/1/2022,1193,"10,158.03",ETC
3/2/2022,1140,"9,160.51",ETC
3/3/2022,1076,"9,425.46",ETC
3/4/2022,763,"8,289.37",ETC
3/5/2022,0,0,ETC
3/6/2022,0,0,ETC
3/7/2022,180,"1,813.78",ETC
3/8/2022,145,"1,555.97",ETC
3/9/2022,123,"1,241.40",ETC
3/10/2022,157,"1,597.21",ETC
3/11/2022,216,"2,080.96",ETC
3/12/2022,0,0,ETC
3/13/2022,798,"9,046.04",ETC
3/14/2022,1179,"11,204.21",ETC
3/15/2022,1140,"10,028.32",ETC
3/16/2022,1271,"10,788.19",ETC
3/17/2022,911,"8,476.02",ETC
3/18/2022,943,"8,517.03",ETC
3/19/2022,941,"8,624.70",ETC
3/20/2022,1079,"9,555.83",ETC
3/21/2022,1425,"12,332.69",ETC
3/22/2022,1271,"11,299.25",ETC
3/23/2022,1102,"10,429.31",ETC
3/24/2022,1027,"9,561.20",ETC
3/25/2022,836,"7,645.72",ETC
3/26/2022,788,"7,665.47",ETC
3/27/2022,1056,"10,470.10",ETC
3/28/2022,1100,"10,308.69",ETC
3/29/2022,1159,"11,204.72",ETC
3/30/2022,1201,"11,115.61",ETC
3/31/2022,1087,"11,890.45",ETC
4/1/2022,904,"10,002.84",ETC
4/2/2022,656,"6,435.84",ETC
4/3/2022,843,"8,402.35",ETC
4/4/2022,1142,"10,141.58",ETC
4/5/2022,1109,"9,876.79",ETC
4/6/2022,1089,"9,945.22",ETC
4/7/2022,1017,"9,053.09",ETC
4/8/2022,838,"7,243.07",ETC
4/9/2022,694,"6,071.30",ETC
4/10/2022,982,"10,108.62",ETC
4/11/2022,1180,"10,591.88",ETC
4/12/2022,1226,"10,611.83",ETC
4/13/2022,1051,"8,666.19",ETC
4/14/2022,977,"8,801.22",ETC
4/15/2022,845,"8,273.92",ETC
4/16/2022,766,"7,317.62",ETC
4/17/2022,801,"7,632.50",ETC
4/18/2022,850,"8,704.03",ETC
4/19/2022,994,"9,974.31",ETC
4/20/2022,1059,"11,061.56",ETC
4/21/2022,910,"9,362.92",ETC
4/22/2022,855,"8,340.83",ETC
4/23/2022,780,"8,518.90",ETC
4/24/2022,1008,"9,508.49",ETC
4/25/2022,997,"10,497.97",ETC
4/26/2022,919,"12,079.60",ETC
4/27/2022,822,"12,800.89",ETC
4/28/2022,807,"13,458.86",ETC
4/29/2022,792,"19,134.43",ETC
4/30/2022,779,"22,057.20",ETC
5/1/2022,304,"6,516.36",ETC
5/2/2022,146,"1,689.76",ETC
5/3/2022,165,"3,174.17",ETC
5/4/2022,143,"2,567.80",ETC
5/5/2022,170,"3,053.03",ETC
5/6/2022,183,"3,240.03",ETC
5/7/2022,158,"4,614.90",ETC
5/8/2022,180,"4,094.08",ETC
5/9/2022,182,"3,607.70",ETC
5/10/2022,61,674.62,ETC
5/11/2022,68,650.22,ETC
5/12/2022,103,"1,868.59",ETC
5/13/2022,51,440.08,ETC
5/14/2022,38,370.64,ETC
5/15/2022,72,725.71,ETC
5/16/2022,199,"2,018.41",ETC
5/17/2022,136,"1,280.02",ETC
5/18/2022,119,971.23,ETC
5/19/2022,119,995.45,ETC
5/20/2022,101,765.05,ETC
5/21/2022,67,599.65,ETC
5/22/2022,104,"1,556.07",ETC
5/23/2022,147,"1,260.72",ETC
5/24/2022,129,"1,161.24",ETC
5/25/2022,131,940.36,ETC
5/26/2022,113,991.63,ETC
5/27/2022,111,965.32,ETC
5/28/2022,59,621.37,ETC
5/29/2022,78,992.11,ETC
5/30/2022,0,0,ETC
5/31/2022,162,"1,554.06",ETC
6/1/2022,120,"1,046.22",ETC
6/2/2022,123,896.63,ETC
6/3/2022,119,"1,004.34",ETC
6/4/2022,98,768.34,ETC
6/5/2022,76,795.32,ETC
6/6/2022,132,"1,080.07",ETC
6/7/2022,109,953.21,ETC
6/8/2022,130,"1,199.15",ETC
6/9/2022,130,"1,011.17",ETC
6/10/2022,159,"1,194.48",ETC
6/11/2022,90,664.89,ETC
6/12/2022,61,552.16,ETC
6/13/2022,106,812.94,ETC
6/14/2022,130,"1,013.30",ETC
6/15/2022,135,"1,057.97",ETC
6/16/2022,140,"1,113.41",ETC
6/17/2022,122,835.54,ETC
6/18/2022,85,758.7,ETC
6/19/2022,56,467,ETC
6/20/2022,0,0,ETC
6/21/2022,169,"1,433.63",ETC
6/22/2022,161,"1,284.48",ETC
6/23/2022,120,956.43,ETC
6/24/2022,124,948.38,ETC
6/25/2022,72,524.97,ETC
6/26/2022,74,729.23,ETC
6/27/2022,137,"1,190.05",ETC
6/28/2022,134,"1,047.76",ETC
6/29/2022,111,877.08,ETC
6/30/2022,140,"1,019.03",ETC
7/1/2022,124,902.91,ETC
7/2/2022,59,627.75,ETC
7/3/2022,48,363.43,ETC
7/4/2022,0,0,ETC
7/5/2022,145,"1,226.82",ETC
7/6/2022,127,"1,113.41",ETC
7/7/2022,117,"1,105.53",ETC
7/8/2022,114,"1,192.16",ETC
7/9/2022,62,665.72,ETC
7/10/2022,67,815.2,ETC
7/11/2022,157,"1,374.83",ETC
7/12/2022,122,"1,060.62",ETC
7/13/2022,131,"1,114.34",ETC
7/14/2022,157,"1,339.70",ETC
7/15/2022,129,"1,105.25",ETC
7/16/2022,64,652.81,ETC
7/17/2022,44,312.57,ETC
7/18/2022,140,"1,344.23",ETC
7/19/2022,118,974.83,ETC
7/20/2022,117,"1,107.73",ETC
7/21/2022,125,"2,788.58",ETC
7/22/2022,115,"1,980.82",ETC
7/23/2022,35,536.56,ETC
7/24/2022,24,797.83,ETC
7/25/2022,50,467.05,ETC
7/26/2022,51,427.22,ETC
7/27/2022,48,421.69,ETC
7/28/2022,53,353.24,ETC
7/29/2022,28,286.2,ETC
7/30/2022,34,589.87,ETC
7/31/2022,16,212.19,ETC
8/1/2022,54,517.59,ETC
8/2/2022,58,356.73,ETC
8/3/2022,62,445.18,ETC
8/4/2022,63,419.78,ETC
8/5/2022,37,306.05,ETC
8/6/2022,26,242.87,ETC
8/7/2022,17,110.28,ETC
8/8/2022,71,723.32,ETC
8/9/2022,64,441.76,ETC
8/10/2022,49,420.3,ETC
8/11/2022,58,558.81,ETC
8/12/2022,66,477.81,ETC
8/13/2022,41,581.14,ETC
8/14/2022,55,937.84,ETC
8/15/2022,188,"1,979.60",ETC
8/16/2022,161,"1,658.10",ETC
8/17/2022,212,"1,839.42",ETC
8/18/2022,345,"3,377.29",ETC
8/19/2022,356,"3,369.68",ETC
8/20/2022,496,"5,502.26",ETC
8/21/2022,629,"6,993.79",ETC
8/22/2022,797,"8,374.66",ETC
8/23/2022,846,"7,609.49",ETC
8/24/2022,777,"7,106.55",ETC
8/25/2022,842,"6,841.87",ETC
8/26/2022,711,"5,988.06",ETC
8/27/2022,631,"5,601.21",ETC
8/28/2022,787,"7,645.26",ETC
8/29/2022,921,"8,235.74",ETC
8/30/2022,902,"8,031.36",ETC
8/31/2022,901,"7,811.04",ETC
9/1/2022,857,"6,880.63",ETC
9/2/2022,733,"5,706.06",ETC
9/3/2022,607,"5,591.97",ETC
9/4/2022,891,"8,196.83",ETC
9/5/2022,982,"8,002.39",ETC
9/6/2022,964,"7,493.25",ETC
9/7/2022,843,"7,269.22",ETC
9/8/2022,910,"7,556.74",ETC
9/9/2022,668,"5,641.86",ETC
9/10/2022,571,"5,211.77",ETC
9/11/2022,773,"7,101.32",ETC
9/12/2022,1011,"8,717.79",ETC
9/13/2022,987,"8,450.88",ETC
9/14/2022,980,"8,152.47",ETC
9/15/2022,960,"8,296.25",ETC
9/16/2022,798,"6,138.97",ETC
9/17/2022,611,"5,381.85",ETC
9/18/2022,834,"7,071.95",ETC
9/19/2022,1031,"8,476.31",ETC
9/20/2022,1014,"8,140.21",ETC
9/21/2022,1054,"8,404.94",ETC
9/22/2022,823,"6,491.51",ETC
9/23/2022,592,"4,902.01",ETC
9/24/2022,502,"4,337.89",ETC
9/25/2022,747,"6,588.13",ETC
9/26/2022,1019,"8,529.83",ETC
9/27/2022,908,"6,977.80",ETC
9/28/2022,930,"7,697.88",ETC
9/29/2022,898,"7,680.76",ETC
9/30/2022,645,"5,476.78",ETC
10/1/2022,583,"5,238.59",ETC
10/2/2022,785,"7,282.68",ETC
10/3/2022,1015,"8,390.15",ETC
10/4/2022,957,"7,567.99",ETC
10/5/2022,986,"7,633.68",ETC
10/6/2022,890,"7,044.76",ETC
10/7/2022,526,"5,459.54",ETC
10/8/2022,197,"1,964.24",ETC
10/9/2022,190,"1,887.83",ETC
10/10/2022,84,906.89,ETC
10/11/2022,616,"6,175.48",ETC
10/12/2022,1004,"8,683.09",ETC
10/13/2022,903,"7,367.11",ETC
10/14/2022,740,"5,866.34",ETC
10/15/2022,567,"4,535.90",ETC
10/16/2022,813,"7,010.30",ETC
10/17/2022,954,"7,996.65",ETC
10/18/2022,958,"7,644.82",ETC
10/19/2022,906,"7,250.15",ETC
10/20/2022,877,"7,020.20",ETC
10/21/2022,710,"5,992.06",ETC
10/22/2022,637,"5,266.33",ETC
10/23/2022,801,"7,182.18",ETC
10/24/2022,998,"8,090.67",ETC
10/25/2022,977,"7,585.48",ETC
10/26/2022,953,"7,868.69",ETC
10/27/2022,905,"6,932.05",ETC
10/28/2022,774,"6,670.42",ETC
10/29/2022,617,"5,229.06",ETC
10/30/2022,844,"7,213.28",ETC
10/31/2022,929,"7,978.18",ETC
11/1/2022,958,"7,693.92",ETC
11/2/2022,1002,"7,961.74",ETC
11/3/2022,896,"6,831.32",ETC
11/4/2022,793,"6,452.09",ETC
11/5/2022,649,"5,168.38",ETC
11/6/2022,816,"6,896.97",ETC
11/7/2022,976,"7,815.80",ETC
11/8/2022,933,"7,155.28",ETC
11/9/2022,975,"7,817.54",ETC
11/10/2022,917,"7,244.78",ETC
11/11/2022,683,"5,970.39",ETC
11/12/2022,611,"5,338.64",ETC
11/13/2022,755,"6,638.06",ETC
11/14/2022,890,"7,537.45",ETC
11/15/2022,910,"7,400.85",ETC
11/16/2022,950,"7,607.61",ETC
11/17/2022,832,"6,803.98",ETC
11/18/2022,620,"5,877.55",ETC
11/19/2022,538,"4,578.68",ETC
11/20/2022,625,"5,420.35",ETC
11/21/2022,636,"5,543.66",ETC
11/22/2022,301,"3,326.01",ETC
11/23/2022,0,0,ETC
11/24/2022,0,0,ETC
11/25/2022,0,0,ETC
11/26/2022,0,0,ETC
11/27/2022,506,"4,499.67",ETC
11/28/2022,949,"7,918.42",ETC
11/29/2022,874,"6,700.89",ETC
11/30/2022,811,"6,260.92",ETC
12/1/2022,775,"5,912.66",ETC
12/2/2022,643,"5,362.08",ETC
12/3/2022,720,"6,140.85",ETC
12/4/2022,769,"6,155.99",ETC
12/5/2022,864,"6,777.04",ETC
12/6/2022,783,"6,159.31",ETC
12/7/2022,725,"5,463.77",ETC
12/8/2022,716,"6,362.26",ETC
12/9/2022,524,"4,496.08",ETC
12/10/2022,388,"3,457.84",ETC
12/11/2022,418,"4,140.27",ETC
12/12/2022,417,"4,450.74",ETC
12/13/2022,203,"2,965.73",ETC
12/14/2022,66,997.73,ETC
12/15/2022,31,475.88,ETC
12/16/2022,25,250.64,ETC
12/17/2022,0,0,ETC
